<?xml version="1.0" encoding="UTF-8"?>
<project-private xmlns="http://www.netbeans.org/ns/project-private/1">
    <editor-bookmarks xmlns="http://www.netbeans.org/ns/editor-bookmarks/2" lastBookmarkId="0"/>
    <open-files xmlns="http://www.netbeans.org/ns/projectui-open-files/2">
        <group>
            <file>file:/C:/Users/DISHA%20ARYA/OneDrive/Documents/NetBeansProjects/Banking%20Management%20Project/src/banking/management/project/Login.java</file>
            <file>file:/C:/Users/DISHA%20ARYA/OneDrive/Documents/NetBeansProjects/Banking%20Management%20Project/src/banking/management/project/MiniStatement.java</file>
            <file>file:/C:/Users/DISHA%20ARYA/OneDrive/Documents/NetBeansProjects/Banking%20Management%20Project/src/banking/management/project/BalanceEnquiry.java</file>
            <file>file:/C:/Users/DISHA%20ARYA/OneDrive/Documents/NetBeansProjects/Banking%20Management%20Project/src/banking/management/project/Conn.java</file>
            <file>file:/C:/Users/DISHA%20ARYA/OneDrive/Documents/NetBeansProjects/Banking%20Management%20Project/src/banking/management/project/PinChange.java</file>
            <file>file:/C:/Users/DISHA%20ARYA/OneDrive/Documents/NetBeansProjects/Banking%20Management%20Project/src/banking/management/project/FastCash.java</file>
            <file>file:/C:/Users/DISHA%20ARYA/OneDrive/Documents/NetBeansProjects/Banking%20Management%20Project/src/banking/management/project/SignupOne.java</file>
            <file>file:/C:/Users/DISHA%20ARYA/OneDrive/Documents/NetBeansProjects/Banking%20Management%20Project/src/banking/management/project/SignupThree.java</file>
            <file>file:/C:/Users/DISHA%20ARYA/OneDrive/Documents/NetBeansProjects/Banking%20Management%20Project/src/banking/management/project/Deposit.java</file>
            <file>file:/C:/Users/DISHA%20ARYA/OneDrive/Documents/NetBeansProjects/Banking%20Management%20Project/src/banking/management/project/Transactions.java</file>
            <file>file:/C:/Users/DISHA%20ARYA/OneDrive/Documents/NetBeansProjects/Banking%20Management%20Project/src/banking/management/project/Withdrawl.java</file>
            <file>file:/C:/Users/DISHA%20ARYA/OneDrive/Documents/NetBeansProjects/Banking%20Management%20Project/src/banking/management/project/SignupTwo.java</file>
        </group>
    </open-files>
</project-private>
